genres,Avg. gross
Action|Adventure|Animation|Comedy|Drama|Family|Fantasy|Thriller,
Action|Adventure|Animation|Comedy|Sci-Fi,
Action|Adventure|Animation|Drama|Fantasy|Sci-Fi,
Action|Adventure|Biography|Drama|History,
Action|Adventure|Comedy|Fantasy|Romance,
Action|Adventure|Comedy|Fantasy|Sci-Fi,
Action|Adventure|Crime,
Action|Adventure|Crime|Drama,
Action|Adventure|Crime|Drama|Sci-Fi|Thriller,
Action|Adventure|Drama|Fantasy|Sci-Fi,
Action|Adventure|Drama|Horror|Sci-Fi,
Action|Adventure|Drama|Western,
Action|Adventure|History|Romance,
Action|Adventure|History|Western,
Action|Adventure|Mystery|Romance|Thriller,
Action|Adventure|Romance|War,
Action|Adventure|Romance|Western,
Action|Animation|Comedy|Family|Fantasy,
Action|Animation|Comedy|Family|Fantasy|Sci-Fi,
Action|Animation|Crime|Sci-Fi|Thriller,
Action|Animation|Fantasy|Horror|Mystery|Sci-Fi|Thriller,
Action|Comedy|Crime|Western,
Action|Comedy|Drama|Sci-Fi,
Action|Comedy|Drama|Western,
Action|Comedy|Fantasy|Horror,
Action|Comedy|Horror|Thriller,
Action|Comedy|Sci-Fi|Sport,
Action|Crime|Drama|Mystery,
Action|Crime|Horror|Thriller,
Action|Drama|Fantasy|Sci-Fi,
Action|Drama|History,
Action|Drama|History|Thriller|War,
Action|Drama|Romance|War,
Action|Horror|Mystery|Thriller,
Action|Romance|Sport,
Adventure|Animation,
Adventure|Animation|Comedy|Fantasy,
Adventure|Animation|Comedy|Fantasy|Music|Romance,
Adventure|Animation|Family|Sport,
Adventure|Animation|Fantasy|Horror|Sci-Fi,
Adventure|Animation|Sci-Fi,
Adventure|Biography|Drama|Romance,
Adventure|Comedy|History,
Adventure|Comedy|History|Romance,
Adventure|Crime|Drama,
Adventure|Crime|Drama|Thriller,
Adventure|Crime|Thriller,
Adventure|Drama|Family|Fantasy|Sci-Fi,
Adventure|Drama|Family|Romance|Western,
Adventure|Drama|Fantasy|Mystery,
Adventure|Drama|Fantasy|Mystery|Thriller,
Adventure|Drama|Fantasy|Thriller|Western,
Adventure|Drama|History|Romance|Thriller|War,
Adventure|Drama|History|Thriller|War,
Adventure|Drama|History|War,
Adventure|Drama|Mystery|Sci-Fi|Thriller,
Adventure|Drama|Romance|Western,
Adventure|Family|Fantasy|Horror|Mystery,
Adventure|Family|Sport,
Adventure|Fantasy|Thriller,
Animation,
Animation|Comedy,
Animation|Family,
Biography,
Biography|Comedy|Crime|Drama|Romance|Thriller,
Biography|Comedy|Drama|Family|Romance,
Biography|Comedy|Drama|Music|Romance,
Biography|Documentary|Drama,
Biography|Drama|Fantasy|History,
Biography|Drama|Romance|Western,
Comedy|Crime|Drama|Horror|Mystery|Thriller,
Comedy|Crime|Horror|Thriller,
Comedy|Crime|Sci-Fi|Thriller,
Comedy|Drama|History|Musical|Romance,
Comedy|Drama|Horror|Sci-Fi|Thriller,
Comedy|Drama|Music|Musical|Romance,
Comedy|Drama|Musical|Romance|Western,
Comedy|Drama|Mystery|Romance|Thriller,
Comedy|Drama|Reality-TV|Romance,
Comedy|Drama|Romance|Western,
Comedy|Fantasy|Horror|Mystery,
Comedy|Fantasy|Mystery,
Comedy|Horror|Mystery|Thriller,
Comedy|Horror|Sci-Fi|Thriller,
Comedy|Music|Sci-Fi,
Comedy|Mystery|Thriller,
Comedy|Short,
Comedy|Thriller,
Crime|Drama|Film-Noir,
Crime|Drama|Horror,
Crime|Drama|Horror|Mystery|Thriller,
Crime|Drama|Sci-Fi|Thriller,
Crime|Film-Noir|Thriller,
Documentary|Drama|History|News,
Documentary|Family,
Documentary|News,
Drama|Family|History|Musical,
Drama|Family|Music,
Drama|Fantasy|Mystery|Sci-Fi,
Drama|Fantasy|Romance|War,
Drama|Fantasy|Sci-Fi|Thriller,
Drama|Film-Noir,
Drama|Film-Noir|Mystery|Thriller,
Drama|Horror|Mystery,
Drama|Horror|Mystery|Sci-Fi,
Drama|Music|Mystery|Romance|Sci-Fi,
Drama|Musical|Sci-Fi,
Drama|War|Western,
Family,
Family|Fantasy|Musical,
Family|Musical,
Fantasy|Mystery|Thriller,
Film-Noir|Mystery|Romance|Thriller,
Game-Show|Reality-TV|Romance,
History,
Horror|Musical,
Horror|Romance|Sci-Fi,
Horror|Romance|Thriller,
Horror|Sci-Fi|Short|Thriller,
Mystery|Romance|Sci-Fi|Thriller,
Mystery|Western,
Romance|Short,
Thriller|War,
Thriller|Western,
Action|Comedy|Crime|Drama|Romance|Thriller,828
Comedy|Fantasy|Musical|Sci-Fi,"2,436"
Adventure|Documentary,"4,914"
Comedy|Fantasy|Thriller,"6,643"
Crime|Drama|Film-Noir|Mystery|Thriller,"7,927"
Adventure|Crime|Drama|Mystery|Thriller,"10,230"
Comedy|Fantasy|Horror|Musical,"11,798"
Adventure|War|Western,"14,873"
Drama|Fantasy|Sci-Fi,"15,278"
Sci-Fi,"18,195"
Comedy|Drama|Fantasy|Music|Romance,"20,380"
Action|Biography|Documentary|Sport,"21,199"
Drama|Fantasy|Mystery|Romance,"22,451"
Action|Comedy|Drama|War,"22,723"
Action|Comedy|Drama|Thriller,"27,445"
Comedy|Horror|Musical,"31,329.5"
Adventure|Comedy|Horror,"36,830"
Animation|Comedy|Family|Romance,"55,202"
Comedy|Crime|Drama|Horror|Thriller,"59,379"
Action|Animation|Sci-Fi|Thriller,"63,260"
Crime|Thriller|War,"65,087"
Animation|Comedy|Crime|Drama|Family,"71,442"
Fantasy|Horror|Mystery,"73,548"
Crime|Drama|Mystery|Romance,"85,433"
Action|Adventure|Drama|Family,"99,462"
Romance,"102,850.5"
Biography|Comedy|Drama|Music,"120,620"
Action|Adventure|Drama|History|Thriller|War,"122,288"
Action|Biography|Crime|Drama|Family|Fantasy,"123,777"
Action|Adventure|Comedy|Drama|Music|Sci-Fi,"124,494"
Drama|Horror|Romance,"128,937"
Drama|Romance|Sci-Fi|Thriller,"136,437.5"
Comedy|Drama|Horror|Romance,"140,016"
Horror|Musical|Sci-Fi,"140,244"
Comedy|Family|Fantasy|Sci-Fi,"146,072"
Comedy|Crime|Horror,"180,483"
Action|Family|Fantasy|Musical,"190,562"
Animation|Comedy|Drama|Fantasy|Sci-Fi,"203,134"
Action|Comedy|Drama,"226,792"
Action|Drama|History|Romance|War|Western,"229,311"
Animation|Drama,"246,574"
Crime|Documentary|War,"251,745.5"
Comedy|Drama|Fantasy|Horror,"252,652"
Drama|Family|Western,"252,726"
Comedy|Horror|Mystery,"265,107"
Comedy|Mystery|Sci-Fi|Thriller,"273,420"
Biography|Crime|Drama|War,"274,299"
Adventure|Biography|Documentary|Drama,"287,761"
Comedy|Family|Musical|Romance|Short,"333,658"
Comedy|Crime|Musical|Mystery,"336,456"
Comedy|Crime|Drama|Thriller|War,"353,743"
Action|Biography|Crime|Drama,"372,880.666666667"
Action|Adventure|Animation|Family|Sci-Fi|Thriller,"410,388"
Action|Animation|Sci-Fi,"439,162"
Biography|Crime|Documentary|History,"484,221"
Adventure|Animation|Comedy|Fantasy|Romance,"511,920"
Musical,"531,806"
Thriller,"540,969.666666667"
Crime|Drama|Mystery|Romance|Thriller,"578,382"
Documentary|History,"584,100"
Biography|Documentary,"592,014"
Comedy|Drama|Romance|War,"617,228"
Adventure|Drama|History|Romance,"617,840"
Action|Adventure|Drama|Thriller|Western,"623,374"
Comedy|History,"634,277"
Action|Adventure|Family|Thriller,"652,526"
Biography|Documentary|History,"653,621"
Drama|Musical,"653,762"
Action|Adventure|Animation|Comedy|Fantasy,"669,276"
Crime|Drama|Music|Mystery|Thriller,"687,081"
Action|Comedy|Horror|Sci-Fi,"792,966"
Adventure|Comedy|Drama|Romance|Thriller|War,"876,671"
Drama|History|Music|Romance|War,"1,050,445"
Drama|History|Romance|Western,"1,066,555"
Action|Comedy|Crime|Fantasy|Horror|Mystery|Sci-Fi|Thriller,"1,183,354"
Comedy|Drama|Horror|Sci-Fi,"1,249,761"
Crime|Drama|Music|Thriller,"1,292,527"
Action|Adventure|Drama|War,"1,310,270"
Adventure|Animation|Drama|Family|Fantasy,"1,339,152"
Adventure|Comedy|Western,"1,391,770"
Action|Drama|Horror|Thriller,"1,400,000"
Fantasy|Thriller,"1,487,477"
Action|Adventure|Fantasy|Horror,"1,550,000"
Action|Crime|Drama,"1,561,977.25"
Action|Drama|Romance|Thriller,"1,602,466"
Action|Crime|Sci-Fi,"1,686,429"
Biography|Comedy|Romance,"1,745,586"
Comedy|Drama|Horror,"1,821,983"
Biography|Crime|Drama|History|Thriller,"1,865,774"
Documentary|War,"1,919,369"
Comedy|Crime|Drama|Mystery|Thriller,"1,980,338"
Biography|Comedy|Musical,"2,000,000"
Biography|Comedy|Crime|Drama|Romance,"2,035,566"
Biography|Documentary|Sport,"2,047,570"
Family|Fantasy|Music,"2,119,994"
Action|Biography|Drama|History,"2,126,511"
Crime|Documentary,"2,156,472.5"
Comedy|Drama|History|Romance,"2,197,331"
Crime|Drama|Romance,"2,198,174.42857143"
Crime|Drama|Fantasy,"2,208,939"
Documentary|History|Sport,"2,276,368"
Animation|Biography|Documentary|Drama|History|War,"2,283,276"
Adventure|Animation|Fantasy,"2,298,191"
Adventure|Crime|Drama|Romance,"2,315,683"
Comedy|Drama|Mystery|Romance|Thriller|War,"2,353,728"
Biography|Crime|Drama|Mystery|Thriller,"2,445,646"
Crime|Drama|Mystery,"2,475,253"
Action|Drama|Western,"2,506,407.5"
Biography|Drama|Romance|War,"2,681,095"
Comedy|Fantasy|Sci-Fi,"2,738,503.5"
Adventure|Comedy|Sport,"2,850,263"
Drama|Horror,"2,851,910.66666667"
Adventure|Comedy|Musical|Romance,"2,956,000"
Biography|Crime|Documentary|History|Thriller,"2,957,978"
Comedy|Drama|Music|Musical,"3,029,081"
Biography|Drama|Romance|Sport,"3,035,921.66666667"
Biography|Crime|Drama|Romance|Thriller,"3,049,135"
Comedy|Crime|Musical|Romance,"3,076,425"
Action|Drama|Romance|Sport,"3,101,301"
Crime|Horror|Music|Thriller,"3,219,029"
Action|Adventure|Comedy|Musical,"3,293,258"
Comedy|Crime|Drama|Sci-Fi,"3,325,638"
Music,"3,419,967"
Comedy|Musical|Romance,"3,429,515.16666667"
Animation|Comedy|Drama|Romance,"3,442,820"
Action|Horror|Romance|Sci-Fi|Thriller,"3,500,000"
Drama|Fantasy|Horror|Romance,"3,525,161"
Biography|Crime|Drama|History|Western,"3,904,982"
Crime|Drama|History|Romance,"4,109,095"
Crime|Drama|Musical,"4,157,491"
Adventure|Fantasy|Mystery|Thriller,"4,250,320"
Documentary|Sport,"4,347,541"
Animation|Biography|Drama|War,"4,443,403"
Adventure|Documentary|Drama|Sport,"4,581,222"
Adventure|Horror|Sci-Fi,"5,000,000"
Comedy|Drama|Musical|Romance|War,"5,000,000"
Adventure|Comedy|Romance|Sci-Fi,"5,002,310"
Adventure|Crime|Drama|Mystery|Western,"5,023,275"
Animation|Comedy|Family|Fantasy|Musical,"5,027,049.5"
Animation|Comedy|Fantasy,"5,409,517"
Action|Crime|Horror|Sci-Fi|Thriller,"5,430,822"
Animation|Drama|Mystery|Sci-Fi|Thriller,"5,480,996"
Adventure|Biography|Drama|War,"5,484,375"
Action|Adventure|Animation|Comedy|Fantasy|Sci-Fi,"5,518,918"
Action|Fantasy|Western,"5,664,251"
Documentary,"5,752,294.03333333"
Comedy|Crime|Drama|Mystery|Romance,"5,762,830"
Action|Adventure|Fantasy|War,"5,932,060"
Adventure|Biography|Drama|History,"6,165,429"
Biography|Comedy|Drama|History|Music|Musical,"6,201,757"
Action|Adventure|Drama|Fantasy|War,"6,498,000"
Biography|Documentary|Music,"6,531,469.5"
Action|Biography|Drama,"6,594,136"
Adventure|Comedy|Drama|Romance|Sci-Fi,"6,619,173"
Drama|Thriller|War,"6,717,638"
Documentary|History|Music,"6,757,592.5"
Drama|Mystery|War,"6,857,096"
Animation|Comedy|Drama,"7,002,255"
Action|Sport,"7,009,668"
Drama|Family|Music|Musical,"7,017,178"
Comedy|Drama|War,"7,265,605.5"
Comedy|Drama|Musical,"7,327,936.5"
Comedy|Crime|Mystery|Romance,"7,496,522"
Adventure|Documentary|Short,"7,518,876"
Action|Comedy|Mystery|Romance,"7,605,668"
Adventure|Fantasy|Mystery,"7,689,458"
Documentary|Drama|Sport,"7,830,611"
Adventure|Family|Fantasy|Sci-Fi,"7,871,693"
Action|Crime|Drama|Thriller|War,"7,916,887"
Biography|Comedy|Musical|Romance|Western,"8,000,000"
Documentary|Family|Music,"8,044,906"
Adventure|Mystery|Thriller,"8,141,770"
Comedy|Horror|Sci-Fi,"8,184,116.66666667"
Crime|Drama|Fantasy|Romance,"8,243,880"
Adventure|Comedy|Romance,"8,396,942"
Adventure|Animation|Family|Fantasy|Musical,"8,460,990"
Action|Adventure|History,"8,466,177.5"
Biography|Crime|Drama|Thriller,"8,624,129.33333333"
Biography|Drama|History|Thriller|War,"9,172,810"
Comedy|Crime|Family,"9,201,998"
Comedy|Horror,"9,372,784.33333333"
Drama|Music|Mystery|Romance,"9,473,382"
Action|Sci-Fi|Sport,"9,936,416"
Drama|Fantasy,"10,099,098"
Action|Biography|Crime|Drama|Thriller,"10,137,232"
Action|Biography|Drama|History|Romance|War,"10,161,099"
Action|Crime|Drama|History|Western,"10,297,897"
Action|Horror|Mystery|Sci-Fi|Thriller,"10,326,062"
Comedy|Mystery|Romance,"10,397,365"
Family|Music|Romance,"10,411,980"
Action|Drama|Fantasy|Thriller|Western,"10,539,414"
Comedy|Romance|Thriller,"10,561,238"
Action|Adventure|Drama|History|Romance,"10,708,272.6666667"
Drama|Music|Mystery|Romance|Thriller,"10,719,367"
Adventure|Horror,"10,765,323"
Action|Horror|Romance,"10,907,291"
Comedy|Documentary|Drama|Fantasy|Mystery|Sci-Fi,"10,941,801"
Action|Drama|Fantasy|Horror|Thriller,"10,956,379"
Comedy|Drama|Music|War,"11,034,436"
Crime|Drama|Western,"11,053,864"
Crime|Horror|Mystery|Thriller,"11,166,183.6666667"
Action|Adventure|Comedy|Drama|Thriller,"11,227,940"
Adventure|Drama|Thriller|War,"11,433,134"
Biography|Comedy|Drama|Family|Sport,"11,508,423"
Comedy|Documentary|Drama,"11,529,368"
Crime|Drama|History,"11,538,204"
Adventure|Comedy|Family|Fantasy|Musical,"11,634,458"
Comedy|Crime|Drama|Romance|Thriller,"11,669,505.3333333"
Comedy|Documentary|Music,"11,694,528"
Comedy|Horror|Thriller,"11,796,542.5"
Adventure|Comedy|Family|Romance|Sci-Fi,"11,802,056"
Western,"11,993,215.5"
Drama|Fantasy|Horror|Mystery,"12,134,420"
Comedy|Crime|Mystery,"12,166,730.5"
Action|Crime|Drama|Sport,"12,398,628"
Drama|Romance|Sci-Fi,"12,494,895.1666667"
Fantasy,"12,495,865"
Crime|Drama|Musical|Romance,"12,549,485"
Adventure|Family|Fantasy|Musical,"12,786,143.6666667"
Comedy|Crime|Drama|Mystery,"12,899,702"
Drama|Mystery|Romance|Thriller|War,"12,987,647"
Comedy|Documentary|War,"12,995,673"
Adventure|Family|Fantasy|Music|Musical,"13,000,000"
Biography|Crime|Drama|Romance,"13,006,860.5"
Action|Adventure|Drama|History|Romance|War,"13,082,288"
Action|Western,"13,264,986"
Action|Comedy|Sci-Fi|Thriller,"13,448,004.5"
Comedy|Crime|Thriller,"13,475,875.3571429"
Action|Adventure|Animation|Comedy|Crime|Family|Fantasy,"13,596,911"
Action|Adventure|Family|Sci-Fi,"13,656,132.5"
Action|Fantasy|Romance|Sci-Fi,"13,829,734"
Action|Drama|Fantasy|Mystery|Thriller,"13,998,282"
Comedy|Crime|Family|Romance,"14,018,364"
Action|Crime|Drama|Mystery|Sci-Fi|Thriller,"14,268,533"
Comedy|Drama|Musical|Romance,"14,305,608.2"
Drama|History,"14,325,578.125"
Action|Drama|Fantasy|Mystery|Sci-Fi|Thriller,"14,337,579"
Comedy|Romance|Sci-Fi|Thriller,"14,358,033"
Crime|Documentary|News,"14,359,793"
Action|Adventure|Comedy|Music|Thriller,"14,375,181"
Comedy|Crime|Drama|Thriller,"14,562,540.5714286"
Action|Drama|Sci-Fi,"14,567,883"
Adventure|Drama,"14,645,372.7777778"
Documentary|Drama,"14,728,219.6666667"
Drama|Mystery|Sci-Fi,"14,836,725"
Adventure|Drama|Romance|War,"15,032,260.8"
Crime|Horror|Thriller,"15,757,250.4"
Biography|Comedy|Drama|Sport,"15,785,632"
Adventure|Biography|Drama|History|War,"15,933,612.5"
Mystery|Romance|Thriller,"15,957,533"
Adventure|Drama|Mystery,"16,036,505.5"
Action|Fantasy|Horror|Mystery|Thriller,"16,115,878"
Action|Adventure|Animation|Family|Sci-Fi,"16,190,365"
Adventure|Comedy|Family|Fantasy|Music|Sci-Fi,"16,290,976"
Drama|Mystery,"16,334,834.625"
Drama,"16,413,860.673913"
Adventure|Comedy|Crime|Drama|Family,"16,671,505"
Drama|Family|Musical,"16,800,000"
Crime|Horror,"16,901,126"
Comedy|Family|Music|Musical,"16,988,996"
Action|Adventure|Crime|Drama|Romance,"17,100,000"
Drama|Mystery|Romance,"17,181,536"
Horror|Mystery|Sci-Fi|Thriller,"17,434,702.8"
Adventure|Drama|Horror|Mystery|Thriller,"17,529,157"
Drama|Family,"17,874,732.4444444"
Action|Comedy|Family,"18,026,414"
Animation|Family|Fantasy|Mystery,"18,081,626"
Comedy|Crime|Romance,"18,082,207.5454545"
Action|Fantasy|Horror|Sci-Fi|Thriller,"18,209,738.5"
Drama|Horror|Sci-Fi|Thriller,"18,336,514.4545455"
Comedy|Fantasy|Horror|Thriller,"18,470,849.7142857"
Action|Drama|Sport|Thriller,"18,573,791"
Action|Thriller|Western,"18,636,537"
Adventure|Comedy|Fantasy,"18,736,414.3333333"
Drama|Romance|Sport,"18,969,909"
Action|Fantasy|Sci-Fi|Thriller,"19,059,018"
Biography|Comedy|Documentary,"19,184,015"
Action|Biography|Drama|Sport,"19,354,914"
Adventure|Animation|Comedy|Family|War,"19,447,478"
Drama|Music,"19,824,152.16"
Adventure|Biography|Drama,"20,316,928"
Action|Biography|Drama|History|War,"20,389,967"
Comedy|Documentary,"20,749,013.1428571"
Adventure|Animation|Comedy|Crime|Family,"20,999,103"
Comedy|Romance|Sport,"21,103,649.4285714"
Comedy|Crime|Drama|Music|Romance,"21,160,089"
Crime|Documentary|Drama,"21,244,913"
Action|Adventure|Drama|Romance|Western,"21,413,105"
Action|Adventure|Comedy|Crime|Music|Mystery,"21,413,502"
Action|Crime|Drama|Thriller|Western,"21,453,790"
Drama|History|War,"21,550,436.1176471"
Adventure|Biography|Drama|Thriller,"21,733,625.6666667"
Comedy|Drama,"21,820,640.9101796"
Biography|Drama|Romance,"22,087,779.9375"
Fantasy|Horror|Romance|Thriller,"22,168,359"
Action|Crime|Drama|Romance|Thriller,"22,240,157.5"
Drama|History|War|Western,"22,406,362"
Crime|Drama|Romance|Thriller,"22,589,790.1333333"
Adventure|Animation|Comedy|Drama|Family|Fantasy|Musical,"22,717,758"
Horror|Mystery|Sci-Fi,"22,749,264.3333333"
Crime|Drama,"22,810,753.7021277"
Drama|History|Horror,"22,843,047"
Drama|Mystery|Romance|Sci-Fi|Thriller,"23,014,504"
Biography|Drama|Thriller,"23,037,354.2857143"
Adventure|Comedy|Family|Fantasy|Sci-Fi,"23,057,938.5"
Action|Adventure|Comedy|Family|Romance|Sci-Fi,"23,222,861"
Documentary|Music,"23,232,291.7"
Action|Adventure|Crime|Drama|Family|Fantasy|Romance|Thriller,"23,360,779"
Action|Comedy|Mystery,"23,618,786"
Biography|Drama|Music,"23,717,239"
Crime|Drama|Music,"24,050,818"
Adventure|Comedy|Drama|Family,"24,103,594"
Drama|Fantasy|Musical|Romance,"24,343,673"
Drama|Thriller,"24,375,744.1875"
Comedy|Crime|Drama|Romance,"24,439,805.75"
Action|Comedy|Horror,"24,517,439.5"
Comedy|Drama|Music,"24,548,698.1333333"
Adventure|Family,"24,614,745.3333333"
Horror|Sci-Fi|Thriller,"24,622,913"
Action|Adventure|Biography|Drama|History|Thriller,"24,985,612"
Comedy|Sci-Fi,"25,026,430.2"
Adventure|Biography|Crime|Drama|Western,"25,052,000"
Action|Crime|Mystery|Sci-Fi|Thriller,"25,121,291"
Comedy|Drama|Family|Sport,"25,213,258"
Drama|Mystery|Romance|Thriller,"25,268,801.25"
Comedy|Drama|Sport,"25,422,045.6666667"
Drama|Sci-Fi,"25,512,231.2857143"
Drama|Music|Romance|War,"25,528,495"
Comedy|Crime|Family|Mystery|Romance|Thriller,"25,584,685"
Adventure|Comedy|Crime,"25,590,119"
Action|Comedy|Music,"25,615,792"
Action|Drama|Fantasy,"25,680,666.5"
Crime|Fantasy|Horror,"25,753,840"
Comedy|Crime|Drama,"25,791,556.5238095"
Drama|Horror|Mystery|Thriller,"26,054,949.25"
Comedy|Fantasy|Horror|Romance,"26,134,480"
Action|Adventure|Comedy|Fantasy,"26,139,094.3333333"
Action|Comedy|Fantasy,"26,240,626.6666667"
Action|Fantasy|Horror|Thriller,"26,253,740.2"
Adventure|Animation|Comedy|Drama|Family|Fantasy|Romance,"26,288,320"
Adventure|Fantasy|Horror|Mystery|Thriller,"26,421,314"
Comedy|Drama|Romance|Sci-Fi,"26,494,611"
Biography|Comedy|Drama,"26,539,322.8"
Horror|Thriller,"26,674,622.7027027"
Biography|Drama|History,"26,882,854.0952381"
Comedy|Crime|Family|Sci-Fi,"27,141,959"
Comedy|Drama|Music|Romance,"27,175,179.2222222"
Comedy|Drama|Family|Fantasy|Musical,"27,281,507"
Action|Drama|History|Thriller,"27,550,735"
Comedy|Drama|Romance|Thriller,"27,616,605.5"
Drama|War,"27,890,014.8333333"
Action|Comedy|Crime|Drama,"28,328,132"
Action|Adventure|Comedy|Family,"28,399,192"
Drama|Romance|Western,"28,405,738.6666667"
Action|Adventure|Comedy|Western,"28,530,395.5"
Drama|Mystery|Romance|War,"28,544,777.5"
Drama|Romance,"28,613,278.3759398"
Drama|Fantasy|Mystery|Thriller,"28,659,211.5"
Action|Crime|Sport|Thriller,"28,772,222"
Adventure|Crime|Mystery|Sci-Fi|Thriller,"28,876,924"
Comedy|Music|Romance,"29,161,036"
Comedy|Family|Music,"29,247,405"
Comedy|Family|Music|Romance,"29,302,097"
Fantasy|Horror|Sci-Fi,"29,500,000"
Drama|Romance|War,"29,530,024.8"
Horror|Sci-Fi,"29,542,234.3333333"
Sci-Fi|Thriller,"29,793,790"
Drama|Family|Romance,"29,808,057"
Comedy|Musical,"29,864,244"
Drama|Fantasy|Mystery|Romance|Thriller,"30,063,805"
Adventure|Biography|Drama|Horror|Thriller,"30,500,882"
Adventure|Drama|Family,"30,599,967"
Comedy|Drama|Romance,"30,650,979.6826347"
Adventure|Comedy|Drama|Fantasy,"30,651,422"
Drama|Fantasy|Sport,"30,695,227"
Biography|Crime|Drama|Music,"30,981,850"
Fantasy|Horror|Mystery|Romance,"31,165,421"
Action|Comedy|Sci-Fi,"31,390,384.625"
Adventure|Comedy|Drama,"31,442,233.1428571"
Action|Comedy|Fantasy|Romance,"31,494,270"
Adventure|Biography,"31,600,000"
Action|Adventure|Animation|Drama|Mystery|Sci-Fi|Thriller,"31,743,332"
Comedy|Crime|Music,"31,931,512"
Action|Adventure|Crime|Fantasy|Mystery|Thriller,"32,055,248"
Action|Adventure|Drama|History|War,"32,067,862.3333333"
Action|Adventure|Animation|Fantasy|Romance|Sci-Fi,"32,131,830"
Crime|Drama|Horror|Thriller,"32,353,780"
Adventure|Comedy|Drama|Music,"32,522,352"
Comedy|Drama|Romance|Sport,"32,881,042.6923077"
Crime|Drama|Thriller,"32,923,408.9529412"
Action|Comedy|Drama|Music,"33,000,000"
Crime|Drama|History|Mystery|Thriller,"33,048,353"
Adventure|Comedy|Drama|Family|Fantasy,"33,054,334.3333333"
Comedy|Horror|Romance,"33,181,461.5"
Action|Crime|Drama|Western,"33,200,000"
Drama|Fantasy|Thriller,"33,288,561.3333333"
Adventure|Horror|Thriller,"33,315,865"
Action|Comedy|Crime|Family,"33,357,476"
Drama|History|Thriller|War,"33,522,814"
Adventure|Comedy|Drama|Romance,"33,537,829"
Drama|Romance|War|Western,"33,579,810.5"
Action|Drama,"33,722,855.4285714"
Action|Adventure|Crime|Drama|Thriller,"34,014,398"
Action|Adventure|Biography|Drama|History|Romance|War,"34,293,771"
Drama|Horror|Thriller,"34,442,589.5555556"
Biography|Drama|War,"34,529,804"
Comedy|Music,"34,558,906.5"
Adventure|Family|Fantasy|Romance,"34,601,608.5"
Crime|Romance|Thriller,"34,767,725"
Comedy|Family|Sci-Fi,"34,778,970.25"
Fantasy|Horror|Mystery|Thriller,"35,063,169.8571429"
Comedy|Family|Romance|Sci-Fi,"35,231,365"
Animation|Comedy|Family|Horror|Sci-Fi,"35,287,788"
Drama|Horror|Romance|Thriller,"35,306,000"
Drama|Fantasy|Horror|Thriller,"35,576,069"
Fantasy|Horror,"35,835,476.0625"
Action|Crime|Sci-Fi|Thriller,"35,925,767.7272727"
Biography|Drama|Music|Musical,"36,320,033.8"
Action|Comedy|Crime|Drama|Thriller,"36,371,481.4285714"
Action|Fantasy,"36,381,716"
Biography|Drama|History|Romance,"36,388,210.3333333"
Drama|Family|Fantasy,"36,617,773"
Action|Comedy|Romance,"36,757,113.5"
Action|Adventure|Drama|Mystery,"36,874,745"
Action|Crime|Drama|Thriller,"36,962,681.754717"
Action|Adventure|Comedy|Sci-Fi|Thriller,"36,985,501"
Drama|Sport,"37,038,228.2083333"
Crime|Drama|Mystery|Thriller,"37,048,784.0212766"
Action|Adventure|Comedy|Romance,"37,189,983"
Comedy|Drama|Family|Fantasy|Sci-Fi,"37,566,230"
Action|Adventure|Romance|Thriller,"37,600,435"
Drama|Fantasy|War,"37,623,143"
Action|Crime|Drama|Mystery|Thriller,"37,752,583.7368421"
Action|Adventure|Comedy|Fantasy|Thriller,"37,899,638"
Horror|Mystery|Thriller,"37,923,666.5294118"
Action|Crime,"37,981,378"
Adventure|Comedy|Fantasy|Music|Sci-Fi,"38,037,513"
Comedy|Mystery,"38,363,234.5"
Drama|Mystery|Thriller,"38,402,127.3125"
Crime|Drama|Sport,"38,432,823"
Crime|Mystery|Thriller,"38,510,658.5"
Adventure|Drama|Horror|Thriller,"38,553,833"
Comedy|Horror|Musical|Sci-Fi,"38,747,385"
Adventure|Family|Sci-Fi,"38,916,903"
Drama|History|Romance,"39,251,128"
Horror,"39,256,340.4772727"
Action|Comedy,"39,305,847.7142857"
Biography|Drama,"39,326,778.9677419"
Action|Comedy|Thriller,"39,410,019"
Adventure|Family|Romance,"39,552,600"
Comedy|Crime,"39,595,866.0816327"
Drama|Music|Romance,"39,679,189.3529412"
Biography|Comedy|Crime|Drama,"39,693,121.6666667"
Action|Adventure|Romance|Sci-Fi|Thriller,"39,892,621.75"
Comedy|Drama|Fantasy|Romance,"40,175,659.1818182"
Action|Crime|Fantasy|Romance|Thriller,"40,198,710"
Biography|Drama|Music|Romance,"40,210,808.25"
Action|Horror|Sci-Fi,"40,265,680"
Comedy,"40,324,283.239521"
Adventure|Comedy|Music|Sci-Fi,"40,485,039"
Adventure|Comedy|Family|Romance,"40,709,402.6666667"
Comedy|Drama|Fantasy,"41,694,325"
Action|Horror|Thriller,"42,008,179.5"
Action|Adventure|Western,"42,026,535.8"
Adventure|Animation|Family,"42,083,039"
Adventure|Comedy|Fantasy|Sci-Fi,"42,365,600"
Comedy|Drama|Family|Music|Romance,"42,386,107"
Action|Adventure|Comedy|Thriller,"42,584,282.8"
Adventure|Comedy|Family|Music|Romance,"42,672,630"
Drama|Family|Sport,"43,131,433.25"
Adventure|Biography|Drama|History|Sport|Thriller,"43,247,140"
Drama|Sci-Fi|Thriller,"43,467,743.5833333"
Crime|Drama|Musical|Romance|Thriller,"43,650,000"
Biography|Drama|Family|Sport,"43,853,424"
Action|Family|Sport,"43,929,341"
Biography|Crime|Drama,"44,397,866.25"
Drama|Mystery|Sci-Fi|Thriller,"44,462,943.3846154"
Fantasy|Horror|Thriller,"44,513,617"
Mystery|Sci-Fi|Thriller,"44,625,154.2"
Action|Adventure|Horror|Sci-Fi,"44,835,131.75"
Crime|Drama|Mystery|Sci-Fi|Thriller,"44,983,704"
Biography|Crime|Drama|History,"44,988,180"
Action|Crime|Mystery|Romance|Thriller,"45,088,400.5"
Comedy|Romance,"45,189,921"
Drama|History|Sport,"45,284,736"
Biography|Drama|Sport,"45,325,796.72"
Adventure|Comedy|Crime|Music,"45,506,619"
Animation|Comedy|Drama|Family|Musical,"45,542,421"
Action|Drama|Thriller,"45,648,903.4444444"
Biography|Comedy|Drama|History,"45,988,835"
Animation|Comedy|Family|Mystery|Sci-Fi,"46,382,654"
Action|Drama|Sport,"46,711,964.6666667"
Horror|Mystery,"46,892,932"
Adventure|Horror|Mystery,"46,982,632"
Action|Comedy|Romance|Thriller,"47,000,485"
Comedy|Crime|Romance|Thriller,"47,232,728.3333333"
Drama|Romance|Thriller,"47,281,008.3333333"
Action|Adventure|Comedy|Crime|Family|Romance|Thriller,"47,285,499"
Action|Adventure|Drama,"47,541,324.4"
Comedy|Fantasy|Horror,"47,822,837.2222222"
Adventure|Animation|Family|Musical,"47,887,943"
Drama|Musical|Romance,"48,039,089.6666667"
Action|Adventure|Horror|Thriller,"48,542,191"
Adventure|Comedy,"48,647,965.7142857"
Drama|Music|Musical|Romance,"48,723,401"
Action|Fantasy|Horror,"48,921,800.5"
Action|Crime|Drama|Sci-Fi|Thriller,"49,018,791.5"
Adventure|Comedy|Drama|Family|Sport,"49,186,871"
Action|Drama|Thriller|War,"49,388,395.3333333"
Action|Drama|Sci-Fi|Thriller,"49,398,661.7142857"
Biography|Drama|History|Musical,"49,994,804"
Animation|Comedy|Family|Music|Western,"50,026,353"
Drama|Fantasy|Music|Romance,"50,461,335"
Action|Horror|Sci-Fi|Thriller,"50,519,530.5"
Comedy|Fantasy,"50,554,970.0666667"
Action|Adventure|Family|Fantasy|Thriller,"50,628,009"
Adventure|Animation|Comedy|Family|Romance,"50,794,025.3333333"
Biography|Drama|History|Sport,"50,925,479.5"
Action|Adventure|Drama|Sci-Fi|Thriller,"51,019,208.5"
Action|Animation|Comedy|Crime|Family,"51,053,787"
Biography|Drama|Thriller|War,"51,076,207.5"
Comedy|War,"51,108,054.5"
Action|Crime|Romance|Thriller,"51,127,591.3333333"
Adventure|Comedy|Crime|Family|Musical,"51,178,893"
Action|Sci-Fi|Thriller,"51,221,712.2307692"
Drama|Musical|Romance|Thriller,"51,225,796"
Comedy|Family|Fantasy|Sport,"51,432,423"
Drama|Fantasy|Horror,"51,526,412.5"
Biography|Drama|History|Music,"51,600,000"
Biography|Drama|Family,"51,676,606"
Animation|Comedy|Fantasy|Musical,"52,008,288"
Adventure|Animation|Family|Fantasy,"52,305,261.7"
Action|Adventure|Fantasy|Horror|Sci-Fi|Thriller,"52,397,389"
Comedy|Family|Romance|Sport,"52,580,895"
Action|Adventure|Drama|History,"52,646,074"
Comedy|Drama|Family,"52,836,947.0769231"
Drama|History|Thriller,"53,318,666.625"
Animation|Drama|Family|Fantasy|Musical|Romance,"53,337,608"
Adventure|Crime|Drama|Western,"53,574,088"
Drama|Western,"53,878,686.4"
Mystery|Thriller,"53,923,192.5294118"
Crime|Drama|Mystery|Thriller|Western,"54,116,191"
Action|Comedy|Crime|Music,"54,200,000"
Action|Adventure|Drama|Romance|Thriller,"54,228,104"
Comedy|Sport,"54,391,593.125"
Action|Sci-Fi|War,"54,700,065"
Action|Crime|Thriller,"55,671,444.9464286"
Action|Adventure|Animation|Family|Fantasy,"55,673,333"
Action|Drama|Fantasy|Horror|War,"55,942,830"
Comedy|Western,"56,003,641"
Fantasy|Romance,"56,362,352"
Action|Biography|Drama|History|Romance|Western,"56,505,065"
Action|Adventure|Crime|Thriller,"56,997,721.75"
Biography|Drama|History|War,"57,020,631.2"
Action|Comedy|Crime|Thriller,"57,270,280"
Action|Fantasy|Thriller,"57,441,833.25"
Action|Drama|War,"58,104,318.25"
Adventure|Comedy|Drama|Fantasy|Romance,"58,229,120"
Adventure|Animation|Drama|Family|Fantasy|Musical|Mystery|Romance,"58,297,830"
Animation|Comedy|Family|Sport,"58,867,694"
Action|Drama|Mystery|Thriller|War,"58,918,501"
Action|Fantasy|Horror|Sci-Fi,"59,035,104"
Adventure|Comedy|Crime|Drama,"59,073,773"
Comedy|Sci-Fi|Thriller,"59,475,623"
Action,"59,520,906.6666667"
Action|Crime|Fantasy|Thriller,"59,586,222.6666667"
Biography|Drama|Family|History|Sport,"59,699,513"
Action|Adventure|Mystery|Sci-Fi|Thriller,"59,810,380.3333333"
Comedy|Family|Romance,"60,100,974.6666667"
Comedy|Drama|Thriller,"60,154,431"
Action|Adventure|Comedy|Drama|War,"60,652,036"
Drama|Family|Musical|Romance,"61,000,000"
Crime|Thriller,"61,034,272.7647059"
Comedy|Drama|Sci-Fi,"61,276,841"
Comedy|Fantasy|Romance,"61,490,876.7692308"
Comedy|Romance|Sci-Fi,"61,711,859"
Romance|Sci-Fi|Thriller,"62,453,315"
Action|Horror,"62,484,212"
Drama|Family|Music|Romance,"62,933,793"
Adventure|Animation|Comedy|Drama|Family|Musical,"63,031,517"
Adventure|Animation|Comedy|Crime,"63,071,133"
Action|Drama|History|War,"63,418,555"
Action|Adventure|Comedy,"63,473,346"
Adventure|Comedy|Sci-Fi,"63,824,552.3636364"
Adventure|Comedy|Family|Sci-Fi,"63,939,454"
Animation|Comedy|Family|Musical,"63,992,328"
Adventure|Drama|Thriller,"64,371,901.3333333"
Adventure|Drama|Fantasy,"64,395,789.3333333"
Action|Comedy|Sport,"64,664,189"
Action|Adventure|Comedy|Crime|Mystery|Thriller,"64,685,359"
Crime|Drama|Music|Romance,"65,269,010"
Adventure|Comedy|Family|Fantasy|Romance|Sport,"66,002,004"
Action|Comedy|Fantasy|Sci-Fi,"66,466,976"
Drama|History|Romance|War,"66,776,917.6666667"
Adventure|Comedy|Crime|Romance,"66,808,615"
Action|Fantasy|Horror|Mystery,"66,862,068"
Action|Adventure|Family|Fantasy|Sci-Fi|Thriller,"67,128,202"
Adventure,"67,163,286"
Adventure|Comedy|Drama|Family|Mystery,"67,325,559"
Drama|Fantasy|Romance|Sci-Fi,"67,390,063"
Action|Romance|Thriller,"67,631,157"
Animation|Family|Fantasy|Music,"68,453,614"
Action|Comedy|Family|Fantasy,"68,475,433.5"
Action|Comedy|Crime|Fantasy,"68,521,699.5"
Action|Adventure|Family|Sci-Fi|Thriller,"69,102,910"
Comedy|Family,"69,543,071.3333333"
Adventure|Comedy|Family,"69,543,939.4285714"
Action|Adventure|Drama|Thriller|War,"70,011,073"
Action|Adventure|Comedy|Romance|Thriller,"70,224,196"
Biography|Comedy|Drama|Romance,"70,506,051"
Comedy|Drama|Family|Fantasy,"70,925,139"
Action|Comedy|Crime,"71,415,267.3571429"
Drama|Horror|Mystery|Sci-Fi|Thriller,"71,897,215"
Adventure|Drama|Romance,"72,120,580.75"
Action|Adventure|Drama|Romance|War,"72,455,275"
Drama|Fantasy|Romance,"73,135,306.4166667"
Action|Adventure|Comedy|Family|Sci-Fi,"73,162,498.5"
Adventure|Animation|Family|Western,"73,215,310"
Adventure|Drama|History,"73,323,770.6666667"
Action|Crime|Mystery|Thriller,"73,443,511.6666667"
Animation|Comedy|Family|Fantasy|Mystery,"73,661,010"
Adventure|Drama|Family|Mystery,"73,820,094"
Adventure|Drama|War,"73,861,536.5"
Action|Thriller,"73,958,998.0909091"
Comedy|Family|Fantasy|Romance,"74,599,840.2"
Adventure|Comedy|Family|Sport,"75,003,477.5"
Action|Adventure|Horror|Sci-Fi|Thriller,"75,223,412.3333333"
Animation|Family|Fantasy,"75,280,058"
Drama|Horror|Sci-Fi,"75,510,309.5"
Adventure|Comedy|Horror|Sci-Fi,"75,590,286"
Action|Adventure|Fantasy|Horror|Sci-Fi,"75,754,670"
Comedy|Family|Fantasy|Horror|Mystery,"75,817,994"
Biography|Drama|History|Thriller,"76,812,654.5"
Action|War,"77,086,030"
Action|Adventure|Family|Mystery,"77,564,037"
Action|Adventure|Comedy|Crime,"78,617,567.8333333"
Action|Animation|Comedy|Sci-Fi,"78,747,585"
Comedy|Drama|Family|Romance,"79,626,775"
Comedy|Family|Fantasy,"79,725,459"
Action|Adventure|Comedy|Fantasy|Mystery,"79,817,937"
Action|Mystery|Sci-Fi|Thriller,"79,972,148.6666667"
Adventure|Comedy|Family|Fantasy|Horror,"80,021,740"
Drama|Fantasy|Horror|Mystery|Thriller,"80,215,564"
Action|Comedy|Crime|Romance|Thriller,"80,251,797.3333333"
Action|Adventure|Animation|Fantasy,"82,161,969"
Adventure|Comedy|Crime|Family|Mystery,"82,226,474"
Fantasy|Horror|Romance,"82,522,790"
Adventure|Comedy|Family|Musical,"82,641,461"
Biography|Comedy|Drama|History|Music,"83,299,761"
Action|Drama|Fantasy|Romance,"83,503,161"
Action|Adventure|Animation|Family|Fantasy|Sci-Fi,"84,037,039"
Adventure|Comedy|Family|Fantasy|Horror|Mystery,"84,185,387"
Action|Adventure|Mystery|Sci-Fi,"85,022,034"
Action|Comedy|War,"85,300,000"
Comedy|Family|Sport,"85,417,488"
Action|Drama|Sci-Fi|Sport,"85,463,309"
Comedy|Drama|Family|Musical,"85,911,262"
Action|Adventure|Animation|Comedy|Family|Fantasy|Sci-Fi,"86,776,424"
Adventure|Comedy|Sci-Fi|Western,"87,666,629"
Action|Adventure|Fantasy|Thriller,"88,373,348"
Action|Adventure|Comedy|Family|Fantasy|Sci-Fi,"88,384,658.75"
Comedy|Drama|Family|Fantasy|Romance,"89,559,305.5"
Action|Adventure|Drama|Thriller,"89,779,151.9230769"
Action|Adventure|Family|Fantasy,"90,106,054"
Adventure|Animation|Comedy|Family|Fantasy|Sci-Fi|Sport,"90,443,603"
Action|Drama|Family|Sport,"90,800,000"
Adventure|Comedy|Family|Fantasy,"91,855,486"
Musical|Romance,"92,084,000"
Action|Adventure|Family|Mystery|Sci-Fi,"93,417,865"
Action|Adventure|Comedy|Romance|Thriller|Western,"93,771,072"
Action|Sci-Fi,"93,856,357.5882353"
Adventure|Comedy|Drama|Family|Romance,"94,497,271"
Action|Comedy|Documentary,"94,989,894"
Adventure|Drama|History|Romance|War,"95,632,614"
Action|Adventure|Fantasy|Sci-Fi|Thriller,"95,709,585.0833333"
Biography|Crime|Drama|History|Romance,"97,030,725"
Action|Mystery|Thriller,"97,235,577.3333333"
Action|Comedy|Crime|Sci-Fi|Thriller,"98,780,042"
Adventure|Animation|Comedy|Family|Sci-Fi,"99,115,959"
Action|Drama|History|Romance|War,"99,334,416.5"
Animation|Drama|Family|Musical|Romance,"100,117,603"
Action|Adventure|Animation|Comedy|Family|Sci-Fi,"100,210,797"
Adventure|Animation|Comedy|Family|Musical,"100,613,858.333333"
Fantasy|Mystery|Romance|Sci-Fi|Thriller,"100,614,858"
Adventure|Animation|Biography|Drama|Family|Fantasy|Musical,"101,217,900"
Action|Drama|Mystery|Thriller,"101,228,120"
Action|Adventure|Family|Fantasy|Sci-Fi,"101,702,060"
Action|Adventure|Thriller|War,"102,065,521.5"
Action|Adventure|Fantasy|Horror|Thriller,"102,176,165"
Comedy|Family|Fantasy|Musical,"102,300,000"
Biography|Crime|Drama|Western,"102,308,900"
Action|Adventure|Thriller,"102,495,294.177778"
Animation|Drama|Family,"102,797,150"
Drama|Music|Musical,"103,338,338"
Action|Comedy|Crime|Music|Romance|Thriller,"103,738,726"
Adventure|Mystery|Sci-Fi,"104,078,119.5"
Animation|Family|Fantasy|Musical|Romance,"104,374,107"
Comedy|Drama|Family|Music|Musical|Romance,"104,689,746"
Action|Adventure|Comedy|Family|Romance,"105,263,257"
Adventure|Comedy|Mystery,"105,722,308.5"
Action|Animation|Comedy|Family,"107,225,164"
Action|Drama|Mystery|Sci-Fi,"107,503,316"
Action|Adventure|Sci-Fi|Thriller,"108,151,566.441176"
Action|Adventure|Romance|Sci-Fi,"108,200,000"
Adventure|Animation|Comedy|Family|Fantasy|Music,"109,494,372"
Comedy|Family|Fantasy|Music|Romance,"110,222,438"
Adventure|Animation|Comedy|Drama|Family,"110,423,747"
Action|Comedy|Drama|Family|Thriller,"113,006,880"
Action|Adventure|Drama|Sci-Fi,"113,068,593"
Action|Comedy|Sci-Fi|Western,"113,745,408"
Biography|Drama|Sport|War,"115,603,980"
Animation|Comedy|Family|Fantasy,"117,395,086.833333"
Adventure|Drama|Western,"118,913,398.333333"
Documentary|Drama|War,"119,078,393"
Animation|Comedy|Family|Fantasy|Sci-Fi,"119,793,567"
Adventure|Fantasy,"119,804,581.5"
Action|Comedy|Crime|Romance,"120,474,598.5"
Adventure|Animation|Family|Fantasy|Musical|War,"120,618,403"
Action|Drama|Music|Romance,"121,945,720"
Action|Adventure|Animation|Comedy|Drama|Family|Sci-Fi,"122,823,508"
Adventure|Animation|Comedy|Family|Western,"123,207,194"
Biography|Comedy|Drama|War,"123,922,370"
Action|Adventure,"124,983,127.8"
Action|Biography|Drama|Thriller|War,"125,069,696"
Action|Adventure|Comedy|Crime|Thriller,"125,305,545"
Adventure|Animation|Comedy|Family,"126,298,500.761905"
Adventure|Family|Fantasy,"126,460,533.105263"
Adventure|Drama|Sci-Fi,"126,508,890.25"
Animation|Comedy|Family|Fantasy|Musical|Romance,"127,706,877"
Adventure|Comedy|Drama|Fantasy|Musical,"127,997,349"
Adventure|Animation|Family|Sci-Fi,"130,963,721.5"
Action|Adventure|Drama|Romance|Sci-Fi,"134,218,018"
Action|Adventure|Fantasy,"134,590,736.16"
Animation|Family|Fantasy|Musical,"134,612,742.5"
Animation|Comedy|Family,"135,432,984.6"
Crime|Drama|Fantasy|Mystery,"136,801,374"
Adventure|Animation|Comedy|Family|Fantasy,"137,676,315.448276"
Adventure|Animation|Family|Thriller,"137,748,063"
Animation|Drama|Family|Fantasy,"137,850,096"
Adventure|Animation|Comedy|Family|Fantasy|Sci-Fi,"138,245,461.25"
Action|Drama|Romance|Sci-Fi|Thriller,"140,459,099"
Drama|Family|Fantasy|Romance,"140,484,797.333333"
Adventure|Animation|Drama|Family|History|Musical|Romance,"141,600,000"
Comedy|Family|Musical|Romance,"143,704,210"
Adventure|Animation|Comedy|Drama|Family|Fantasy|Sci-Fi,"145,771,527"
Action|Adventure|Drama|Romance,"154,114,075.142857"
Action|Adventure|Romance,"155,302,742.2"
Comedy|Crime|Sport,"158,115,031"
Action|Drama|Fantasy|War,"158,480,853.5"
Action|Adventure|Comedy|Sci-Fi,"160,931,994.2"
Biography|Crime|Drama|History|Music,"161,029,270"
Biography|Drama|Family|Musical|Romance,"163,214,286"
Action|Drama|Romance,"164,173,467.333333"
Action|Animation|Comedy|Family|Sci-Fi,"167,971,720.333333"
Comedy|Crime|Musical,"170,684,505"
Adventure|Animation|Comedy|Family|Sport,"172,842,848.666667"
Action|Adventure|Comedy|Family|Mystery,"173,005,002"
Action|Adventure|Animation|Comedy|Family,"180,141,083.6"
Adventure|Animation|Comedy,"183,132,370"
Adventure|Drama|Thriller|Western,"183,635,922"
Action|Adventure|Crime|Drama|Mystery|Thriller,"183,875,760"
Adventure|Drama|Sci-Fi|Thriller,"185,003,500"
Action|Adventure|Comedy|Romance|Sci-Fi,"189,660,018.5"
Action|Adventure|Comedy|Family|Fantasy|Mystery|Sci-Fi,"190,418,803"
Action|Adventure|Sci-Fi,"193,550,191.479167"
Action|Adventure|Animation|Comedy|Family|Fantasy,"194,829,453.5"
Action|Adventure|Crime|Mystery|Thriller,"197,925,079"
Animation|Comedy|Family|Music|Romance,"197,992,827"
Adventure|Animation|Comedy|Family|Fantasy|Musical|Romance,"209,078,740.5"
Action|Adventure|Drama|Fantasy,"212,116,144.5"
Drama|Fantasy|Romance|Thriller,"217,631,306"
Animation|Comedy|Family|Fantasy|Music,"218,469,863.5"
Adventure|Animation|Comedy|Family|Fantasy|Musical,"220,068,175"
Adventure|Sci-Fi|Thriller,"221,050,858.571429"
Adventure|Drama|Family|Fantasy,"221,186,651.25"
Action|Adventure|Family|Fantasy|Romance,"241,407,328"
Adventure|Animation|Comedy|Family|Fantasy|Romance,"243,310,827.5"
Animation|Comedy|Family|Sci-Fi,"246,459,955"
Adventure|Comedy|Family|Mystery|Sci-Fi,"250,147,615"
Action|Adventure|Comedy|Family|Fantasy,"250,863,268"
Action|Adventure|Animation|Family,"261,437,578"
Adventure|Family|Fantasy|Mystery,"279,056,317"
Adventure|Sci-Fi,"281,666,058"
Action|Adventure|Fantasy|Romance,"289,279,970.333333"
Adventure|Drama|Fantasy|Romance,"295,436,148.25"
Action|Adventure|Fantasy|Sci-Fi,"296,684,758.333333"
Action|Biography|Drama|History|Thriller|War,"350,123,553"
Adventure|Animation|Comedy|Drama|Family|Fantasy,"356,454,367"
Adventure|Animation|Drama|Family|Musical,"422,783,777"
Family|Sci-Fi,"434,949,459"
